show_id,director_id
81145628,1
81145628,2
80125979,3
70304989,4
80164077,5
80164077,6
70304990,7
80169755,8
70299204,9
80182483,10
80182483,11
80182596,10
80182596,11
80182482,11
80182597,11
80182621,10
80182621,11
80057969,12
80060297,13
80046728,14
80046727,15
70304988,16
80057700,17
80045922,18
80203094,19
70241607,20
80988892,21
80988892,22
80239639,23
80159586,24
80152447,25
81154455,26
81113928,27
81052275,28
81132437,29
80058026,30
80058026,31
70303496,32
80162141,33
80162141,34
80095641,35
80159880,36
81016044,37
80158838,36
81016045,38
70142798,38
70142798,39
70142798,40
70142798,41
70142798,42
70062814,38
70062814,41
80158839,43
80147760,44
80177405,45
81160036,46
81173255,47
81078908,48
81155784,49
80201906,50
80052612,51
81054495,52
70212504,53
80187061,54
80081155,55
80081155,56
80198585,57
70233894,58
81011955,59
80128722,60
80182115,61
80104068,62
80119349,63
80019931,64
81053893,65
80200087,66
81053892,65
81002850,67
81004470,68
80157072,69
81001809,70
81002864,71
81016750,72
81002866,73
80992039,74
80992039,75
80126507,76
81132443,77
80231903,78
81171121,79
81171121,80
81171121,81
81171121,82
81171121,83
81171121,84
81171121,85
81171121,86
81171121,87
81171121,88
81012295,89
80060037,90
60003155,91
60003155,92
81177238,93
70270775,94
80215923,95
80151483,96
80173625,97
80173625,98
80005444,99
80005444,100
80244682,101
81075519,102
80166318,103
80166318,104
81186758,105
81186757,105
80108976,106
80208155,107
80198423,108
80162144,109
81053953,110
81074113,111
80992496,112
70304191,113
80103311,114
81176200,115
80208906,116
80097321,117
80097321,118
80106966,119
81080769,120
70267838,121
80211380,122
80196586,123
80099204,124
80059432,125
81172721,126
81172727,127
70153543,128
81172728,129
80102952,130
80102952,131
80243600,132
81020523,133
81122669,134
81000389,135
81000389,136
81132439,137
80150502,138
80119815,139
80119815,140
80993149,141
80203776,142
80143797,143
80161931,144
80017275,145
81107545,146
70118953,147
70118953,148
80190449,149
80190449,150
80163156,151
80149143,152
80987075,153
80192815,154
80066798,121
81147293,155
80991316,57
80190588,156
70124316,157
70229037,158
80037280,159
80058248,160
70307661,161
70117312,162
80092885,163
80108371,111
70129452,164
80045805,165
80045805,166
80101827,167
81030342,168
70054723,169
81131761,170
81016326,171
80227777,172
81018233,173
81016317,174
81016337,175
81018234,176
81018241,177
81018235,178
81018236,179
81018237,180
81018238,181
81016339,182
81016339,183
80067522,184
80192149,185
80142637,186
80192014,187
80192015,187
80168230,188
80202129,189
80088910,190
80088910,191
70290909,192
80033772,193
80033772,194
81093951,105
80238013,195
81089941,196
81000011,197
80217733,198
80999985,199
80999985,200
80999985,201
80999985,202
80188120,203
80164779,204
81092328,205
81183572,206
81037283,207
80244973,208
81132438,209
81161230,210
81002412,211
81023636,212
81023636,213
80198046,214
80106307,215
70267728,216
81001000,217
80192445,218
80158670,219
80244019,220
80162143,221
81060174,222
70130445,223
80216928,167
81001494,224
81001494,225
80991570,226
80184129,227
60000861,228
1151375,229
81137484,230
80187228,231
81031008,232
70099119,233
70039185,234
81165769,235
70056433,236
70113003,237
60031232,238
80032842,235
81137482,230
81137482,239
70043308,240
70043308,241
81165771,235
70044697,242
70105368,243
81141689,244
1008581,245
70058023,246
81165786,235
81165770,235
70043303,247
70136074,248
1153194,249
70112730,250
81158575,251
81065786,252
70087541,253
81004113,254
81003984,255
70024088,256
81005312,257
80082969,258
80994130,259
81019924,260
81018240,261
81013710,262
70077076,69
81014988,263
80102950,38
70055221,264
81005314,265
80242828,266
81004223,267
80198730,268
80999945,269
81016043,270
17672040,271
81011096,272
20254278,273
70276596,274
80063025,274
70068739,275
80184974,276
80184974,277
80156941,273
80061314,278
70052492,279
70036200,279
70018513,279
80158480,280
80139506,281
80205314,282
80158545,283
80156939,284
80152537,285
80045673,285
70275937,285
70101321,286
70108386,287
70074559,288
80162197,289
80184055,290
80184055,291
80160358,292
80160358,293
60034929,294
80157134,295
80157134,284
80141891,296
80141891,297
80183897,298
80177834,299
80121855,300
80168028,301
80190990,297
80190990,296
80173269,302
80106140,220
80106137,303
80114155,304
80118841,305
80102579,306
80097438,307
80114419,308
80103426,309
70278877,310
80244311,311
81183570,312
81016328,313
80239503,314
81016321,315
80031666,316
80995737,317
81020161,318
80025390,319
80196216,320
80091741,107
80115464,321
80041653,322
81016338,323
81002592,324
81017724,325
80170301,326
80189623,327
81177367,328
81016323,315
81016318,175
80242081,329
80168222,330
81158574,331
80237905,332
81132440,333
81021243,334
81021243,335
81004460,336
81016330,175
70105130,337
80141858,338
81084225,339
80203920,340
80199806,341
80084834,342
80208273,343
80145699,344
70266684,345
81166978,346
81177371,347
70067230,261
80207446,348
80207446,349
80207447,350
81016324,175
80192097,351
70185045,352
70002129,353
80191963,354
80218099,355
80199767,356
80191665,357
80161921,358
81148672,359
80224362,360
80092857,361
80244679,362
81110394,363
80067754,364
80189954,361
80094648,365
80066073,366
80123740,367
80123741,368
80123742,369
81000863,370
81000863,371
70082255,372
80117454,373
80095197,374
80045783,375
81123469,376
80211622,377
80990221,378
80202352,379
80235268,380
80241061,381
81025088,382
80173479,383
80081372,384
81136744,385
81132444,386
80182014,387
81078456,388
81121023,389
81018455,390
81110383,391
81018183,392
80219941,393
80219941,394
80064515,395
80062011,396
80062011,397
80062011,398
80062011,399
80062011,400
80062011,401
80062011,402
80062011,403
80062011,404
80062011,405
80062011,240
80062011,406
80062011,407
81034741,408
81075461,409
81075461,410
80205231,411
80158919,412
70299286,413
70299286,414
80017261,415
80186796,416
81071891,417
80224536,418
80994444,419
80017286,420
70295169,421
80039050,422
81027753,423
15815343,424
70295176,425
81043190,426
80131240,427
80131240,428
70170182,429
70082633,430
70049619,431
80211135,432
70109884,433
70176967,434
70198040,435
80038442,436
80091310,437
70114484,175
80117443,438
80010717,439
81020005,440
81020005,441
81035748,442
80135164,390
70167128,443
80118101,444
80118101,445
80113669,446
81094801,447
81191195,448
80218973,419
80235999,449
80235999,450
80215419,438
70118860,451
80017240,449
70118859,451
80236778,452
80236778,453
80236470,454
80236470,455
699257,456
80236574,453
80988048,457
80039069,458
80046779,459
80995687,460
60001650,461
81172848,462
81034575,463
80226951,464
80232279,465
80239666,466
81011973,467
80144152,468
81035749,442
81035750,442
81035751,442
80148162,469
80171705,470
81172729,471
81172895,472
80206910,473
81172905,474
81132442,475
81172723,476
80990336,477
81172909,478
80214706,479
80994011,480
81172902,476
80998890,481
81047903,482
81026343,483
80208635,484
70125931,485
70235768,486
80177406,119
81081656,487
81187847,488
81053240,489
80043834,473
81157840,490
80244900,491
80211134,492
70271601,493
80204433,494
80089199,495
80043049,496
80044545,497
80070182,498
80070182,499
80176234,500
80992769,501
81191228,502
81025935,503
81020508,32
80201824,504
80203782,505
80201829,506
80126016,507
80202089,508
80203789,509
80193423,510
80201825,511
80202376,512
80028360,513
80203783,514
80142617,515
80201823,516
80190841,517
80115858,518
80158547,519
80206827,520
80202090,521
80203790,522
80158391,523
80201822,524
80211540,525
80123743,526
70258995,274
70208801,527
70260383,527
80123744,528
70105699,529
70124999,529
80990869,530
80187205,531
80097472,532
80075009,533
70280748,321
81034012,534
81034012,535
81019031,536
80148070,537
80155812,538
80183198,539
80158844,540
80164456,541
80174434,420
80075476,542
80158148,543
80239565,544
80216844,545
80187722,546
81021082,67
80191047,547
80240972,548
80103282,549
80134526,550
80127559,243
80005501,551
81132441,552
81078819,553
80223997,16
81191666,554
81133621,555
81038598,556
81016322,315
80147323,557
81171871,558
80210932,559
81015317,560
81015317,561
80205204,459
70235731,562
80003481,563
81168338,564
81103033,565
60002273,566
70297962,567
269880,568
60029167,568
60020891,569
347365,570
60003242,541
60027726,541
81166946,571
70023961,572
60027716,111
70287957,573
81168345,574
60020892,575
81164752,576
60028097,577
70065112,578
70083108,579
70083108,580
70184050,581
81168347,582
81003460,583
81168348,582
70095135,584
81191254,585
81168340,586
60023597,461
81002876,587
70058017,588
70058024,480
70011211,480
70271599,589
70020699,590
60003540,591
60003540,592
1181550,593
70170051,594
70021630,595
70021630,596
81043753,597
60001761,598
70041963,599
70058025,600
70058025,396
70128696,601
70077542,602
81168342,603
81165772,235
510854,604
60000921,604
81168343,605
70044605,606
18021979,607
18021979,608
81168344,609
70020750,420
70105596,610
60037022,611
60034571,242
70053456,612
80173150,613
80173150,614
81168341,615
81168346,605
80137461,616
81012857,617
70123116,524
80190101,618
81024712,619
70112494,620
80215922,621
70113306,622
70113305,623
80032472,624
81024703,625
70181653,626
80048200,627
81025884,628
80032474,629
80032476,630
70127589,631
80104130,632
80032473,518
70090035,633
81024713,634
70117268,635
70211216,636
70211216,637
70140322,638
81024696,518
70303428,639
81012407,640
70125882,641
70101039,642
70123121,643
80152182,644
70229042,645
70042756,646
80187618,647
81024704,629
80221498,648
70229047,649
70229555,650
70213515,651
81018563,652
81018565,652
70114948,653
80190103,483
81024729,654
80032477,655
81024711,656
81025908,657
70303495,658
70303429,659
80084768,660
70096752,661
70096752,662
70229046,662
70229046,661
80084767,663
81024701,664
70229048,665
80995576,666
70292836,667
80141767,668
70139542,669
70039175,670
70225597,618
70123119,671
70150437,672
80084667,673
70099118,674
81024705,675
80198771,676
80062096,677
80062096,678
70291096,679
70130483,680
80031038,681
80065930,682
80112370,683
80112370,684
70165189,64
70197459,685
80095193,154
70246439,685
80158155,154
80158155,685
80158155,684
80063617,686
80202503,687
80147971,688
70257412,420
80172937,392
80118280,682
80135360,109
80135360,689
70286355,690
80150246,691
80017272,240
80017272,692
80017272,693
80017272,694
80017272,695
80017272,696
80017272,697
80017272,698
80017272,699
80017272,700
80075828,701
80095089,64
80208176,702
80208176,703
80116741,704
80063290,705
80063290,706
80162195,707
80106036,708
80198687,709
80163353,710
80162246,711
80162246,712
80112371,713
80112371,714
80112371,715
80208413,716
80128277,717
80094453,718
70153553,719
80098709,720
80092849,114
80107372,652
80138584,721
80106138,722
80038288,723
80109089,724
80109089,725
80061797,726
70206821,727
70206816,728
60022914,729
70206818,730
70206819,731
70206822,732
70206820,733
70206823,734
70206824,735
70206825,736
70206826,737
81029831,738
80194289,739
80191219,740
80190859,741
70243445,742
70243445,743
80201542,744
81079723,745
81003058,746
80236993,747
80236993,748
80057565,749
81002596,750
81002597,751
80148275,752
80127886,753
80080491,754
80046777,755
60024976,756
80173002,757
80009431,167
81092045,758
81034600,759
80183783,760
81209203,761
81058497,762
80167628,763
81165326,764
81053961,636
81029848,765
80204460,435
70209267,766
70306305,767
70262831,768
70113005,769
70052286,420
80114460,770
81206389,771
80196135,772
80117461,773
80117533,547
80117533,774
81197050,775
81197050,776
81213894,777
80238204,778
80230507,779
80990725,780
80990725,781
81016327,782
81004245,783
81033200,318
81033200,784
81039383,785
81018377,786
81021528,787
80991809,788
80097475,789
80097475,790
70117294,791
70117582,792
80163294,793
81082007,794
81172754,795
81120982,796
81227195,797
81172841,798
81172899,799
81172908,800
81172901,127
81033086,636
60020826,801
80226242,802
70101696,803
81194544,804
80995081,460
81177504,805
81177504,806
80175798,590
80239961,807
80219019,808
81062293,809
80235524,335
81215481,810
81005044,811
81005044,812
80147529,813
81018860,814
81018860,815
80217495,775
80141787,816
80049871,817
81218079,818
81218079,819
60028294,820
80125671,821
80174220,822
80174220,823
80126449,824
80103512,825
60020948,826
60020948,827
70235384,828
569355,829
60022645,830
80225915,828
80196379,831
80198859,832
80159876,833
81218074,834
81218074,835
80199682,836
80203522,837
80203522,838
80107037,259
80107037,839
80077402,840
80107219,259
60023606,841
81026188,842
80080109,420
80080109,843
80988835,844
80208104,845
80134827,111
80127558,846
80158084,847
80124725,539
80124725,848
70267398,849
80108983,850
292118,851
70003046,852
80221584,853
70053833,387
70122722,854
70122722,855
81217738,856
80081990,857
60004471,245
60022413,858
70058022,859
60022502,601
80244683,860
80028357,861
81217739,862
60031884,863
70117289,864
28631236,865
70121502,866
70215455,867
506464,868
60003508,869
70105132,762
60004083,870
70087538,871
1181661,872
60011552,873
70044693,874
70173046,875
70039187,876
70044686,877
80989043,361
81021831,72
81021832,71
80239932,878
81214223,879
80027560,879
70135899,880
81215437,881
81215438,882
81215438,883
81214187,884
80160987,885
81215439,886
70178618,887
70292700,888
81214214,889
81020531,890
80191051,891
80242446,892
80085566,893
80124722,121
70243696,894
70243692,895
81073633,896
70230138,638
70230138,897
70083532,488
80177865,898
80117534,899
80115031,900
80029708,901
80029708,902
80079470,903
70127998,904
80160759,905
80209608,906
80182622,11
80175694,907
80016471,908
70189289,909
81132624,910
80013267,911
80046819,912
70293315,913
80177400,914
81037898,915
81004099,916
80200267,917
80200267,918
70113538,919
80244457,920
81196441,921
81162089,922
81217737,923
81076114,639
81076114,924
80093820,925
80183187,926
70124331,927
81217749,928
80158800,834
80158800,835
70291121,929
81035105,930
80224054,617
81038832,931
81035109,932
81030893,469
81035103,933
81035104,934
81035104,935
80075824,936
80075824,937
81035108,938
81035107,939
81028556,940
81028574,941
81028574,942
81028560,942
80196044,943
80122177,944
80122177,945
80136925,946
70040076,947
70040076,948
80117532,949
70260514,950
80127995,874
81156627,951
81096745,952
80191804,773
80191109,170
80004534,953
70213466,954
80222787,955
80244848,542
80147403,956
80058424,957
81078466,958
80060034,69
80205085,959
80205085,960
70117297,961
81152923,962
81171862,963
80131563,358
80107990,964
80091658,965
80237420,966
70174733,638
80183088,967
80183088,539
80198018,968
80127990,969
80134279,970
70044870,971
26597413,972
80245356,973
18002692,974
81024100,975
60027583,976
80216003,977
80216003,978
60002033,979
70046968,980
81154982,981
81063129,982
81074542,983
382650,984
70044705,985
449931,986
81189912,987
80215046,988
60036838,989
81179693,990
485218,991
1192866,992
11819434,993
81050375,994
81050375,995
516788,996
70048968,997
542137,998
542137,999
60021796,820
60031247,1000
60000577,1001
80231468,1002
81083786,1003
80153894,1004
1179333,1005
70118779,238
653673,1006
70020947,1007
70117305,1008
701346,1009
70111489,1010
709163,1011
709380,1012
1150871,1013
70082264,1014
70082264,57
1179583,1015
70044595,1016
60011729,1017
60011729,1018
70044883,1019
22497725,1020
60021590,1017
60023638,1021
70031792,1022
70100383,1023
60002403,1024
17236920,1025
923574,326
81152930,1026
973861,1027
70058796,1028
70047101,869
81189396,1029
81189396,1030
70093991,1031
60033247,1032
70060000,1033
70295067,1034
70031779,1035
1178866,877
60033312,1025
81030409,1036
80182016,1037
684847,250
81150305,1038
20557937,1039
20557937,1040
60027695,1039
60027695,1040
60031303,1039
60031303,1040
81170692,362
848915,1041
60022980,1042
60003961,1043
70060005,1044
70084791,1045
81170694,1046
81170694,1047
70123542,1048
70107499,1049
70123117,1050
70100644,1051
80057750,946
70229045,946
70139073,1052
81024731,1053
70219525,632
16914787,1054
81020543,1055
81020544,1055
80039595,1056
70123120,1057
80224055,617
70052249,430
70052249,1058
70084775,1059
70114588,1060
70185139,1061
80232501,1062
80210147,1063
80224606,1064
80058851,629
70219528,1051
70241088,1065
70068799,492
70229044,508
70254349,1066
70254342,1067
80084838,1068
70254346,1069
70229040,667
70056663,1070
80067906,434
70071832,632
70273401,953
80097390,1071
70106268,1072
80039594,1073
70139076,1051
70109758,1074
70123126,1075
70303431,1076
70254351,1077
70275076,1078
80189997,1079
81015100,1080
80076581,1081
81025404,1082
80182949,1083
70060017,1084
70266675,1085
80155792,1086
70108590,1087
70185141,1088
80201826,1089
80158388,1090
80203778,1091
80201820,1092
80103312,1093
80205563,1094
80202605,1095
80202605,1096
80208211,1097
80203791,1098
80079229,662
80079229,661
80080145,1099
80157797,1100
80032364,1101
80203786,1102
80032097,1103
80216268,1104
80156684,57
80174727,1105
80201827,1106
80179288,1107
80203780,1108
80216215,1109
80211371,1068
80144358,1110
80097360,444
80097360,445
80006168,1111
80093212,1112
60000545,1113
80025702,1114
80128692,1115
80128692,1116
80156369,1117
1145882,1118
70288423,1119
70290568,1120
70290568,1121
70141644,1122
81035836,1123
81044103,1124
81072917,1125
70142542,1126
81035855,1127
81035845,1128
81035856,1129
81035857,1130
80134780,1131
80221308,1132
80213657,119
80217133,1133
80106754,1134
80059440,1135
81074375,1136
80116761,1137
80116761,1138
70118125,1139
80108613,1140
80215139,1141
80215139,1142
81016592,1143
81067760,1144
70172928,866
80101493,459
80235472,1145
80177300,1146
80189866,361
80106793,1147
80124727,539
80124727,967
80117263,1148
80087897,1149
70084180,1150
80195964,1151
80213024,1152
80210691,1153
80210691,1154
80244782,1155
80144280,1156
80209866,1157
80241666,1158
80167648,1159
80202874,1160
70109249,1161
80993095,1161
70045644,1162
70025612,1163
80237006,622
80160033,1164
81111849,1165
80083930,1166
80083752,1167
70185023,1168
70185023,1169
80189827,1170
80176144,1171
70202150,1172
81010699,1173
70299863,1174
80133554,1175
80208662,1176
80994596,1177
81031939,1178
81028570,1179
81035867,1180
80244640,1181
80999729,1182
80992499,1183
80148223,1184
80176342,635
80038162,1185
80038162,1186
81087094,1187
80221447,873
80221447,1188
70242063,1189
80063265,1190
81034931,1191
80202903,1192
80167459,1193
80169348,1194
80164778,1195
80068327,1037
80087933,1196
80084666,1197
80192137,967
80192137,539
80195049,1198
80186850,773
80117765,1199
81002195,1200
81046255,1201
80218306,541
80211638,1202
80220758,1203
81036190,1204
81036190,859
80165083,1205
80134781,958
80244680,1206
81057229,1207
80151384,1208
80131167,1209
80038335,953
80011852,1210
80121348,1211
81011598,1212
81005364,1213
81076042,1214
81035880,1215
81103139,1216
70143369,1217
81096151,1218
70259801,620
80990658,1219
80133663,1220
80117082,1221
81043473,1222
80091267,931
80182919,1223
80182919,1224
80115466,1225
80142223,1226
80142223,1227
80080768,365
81061407,1228
80161216,1229
80161216,1230
80218111,1231
80991872,1232
81077863,1233
81077851,1233
81073590,1233
81103108,1234
80236341,1235
80191050,1236
81041271,1237
80216758,1238
70083809,1239
80028529,1240
70154110,1241
80998967,1242
81038047,1243
60021906,1244
70142827,1245
70149579,1074
70109375,1246
70289558,492
81085319,1247
70117577,1248
70158421,1249
20258084,1250
80233511,1251
80097814,1252
70241757,1253
80133551,317
81110388,1254
81110388,1255
80220311,1256
81110389,1257
70111279,1258
81123050,1259
70007056,1260
70035357,1261
80108481,1262
70153178,492
70073018,1246
80994416,1263
80243408,1049
80994418,1264
70050576,1265
70253596,909
80157133,273
80107656,1266
80157083,1267
80098287,1268
80059342,1269
24081514,273
80157564,1270
80178078,1271
80178078,1272
80104330,1273
80104330,1274
81053958,1275
81094666,226
81016247,1276
80223928,879
81065331,2
80186940,459
80120740,601
81077874,1277
80117736,1278
80117736,1279
80114666,1280
80114666,1281
80114666,1282
80157866,1283
80161029,1284
81039410,1285
81012340,1286
70242536,1287
80192065,967
80192065,539
80158319,1288
80158319,1289
80143556,886
81092777,1290
81092779,1291
81092779,1292
81092776,1292
81092776,1293
81092778,1293
81092778,1292
80216541,136
80194950,1294
70261058,1295
70204288,1296
80057278,1297
70293703,1298
80165853,1299
80161108,1300
80082660,1301
80028359,361
81076049,1302
60031264,1303
81059956,1304
81059956,1305
81094667,1306
81069255,1307
81094083,1308
80208082,1309
81080637,1310
80197303,1311
81049260,1312
81017593,1313
70270364,1314
81093342,1315
70056441,1316
419733,801
419733,1317
81021631,1318
80241044,1319
80213148,1320
80150390,49
80993495,1321
80192548,1322
80232894,1323
80232894,1324
80232330,1325
80103425,1326
80170875,1327
80990815,1328
80990816,1329
80990829,1330
80238110,1331
80241876,1332
80241876,1333
80990811,1334
80224106,617
80206732,1335
80990810,1336
80235767,1337
80236224,1338
80236224,1339
80990814,1340
80245268,1341
80228322,430
80223149,1342
80179373,1343
80233962,1344
80233493,419
80990813,1345
80220531,1346
80134149,1347
80115133,1348
80176698,179
80165848,1349
70275753,1350
70275753,1074
70275753,1351
70275753,623
70295762,1352
80165849,1353
80158395,1354
70275774,1244
80103430,1355
80103430,1356
80165850,1357
80103372,1358
80068117,1072
20764666,1359
70268209,1360
80165851,1361
70129415,1362
70129415,1363
70129415,1364
70129415,1365
70129415,1366
70129415,1367
70129415,1368
70129415,1369
70129415,1370
70129415,1371
70129415,1372
70129415,1373
80095094,1374
80095094,1375
80156763,1376
80156857,1377
70268489,1378
80158588,1379
80178720,306
80106505,1380
80169548,1381
80015785,1382
80097361,1383
80097361,1384
80176716,1385
80132961,1386
80165857,1387
70258366,1060
80165732,1388
80165854,1389
80083589,1389
80032081,1390
17457962,1391
80182105,1392
80182105,1393
80165855,1394
70273637,1049
70176968,1213
80173605,1395
80173605,1396
80165856,1397
70308135,1261
80101903,1398
80093103,1399
80102305,1400
80102305,1401
70176655,1275
80161848,1402
80209796,1403
80152434,1404
70309693,1405
80107737,1406
80098305,1407
80152742,1408
80107370,1409
80095233,1410
70270362,1411
81074140,1096
81074140,1412
80184676,1413
81024044,1414
60023618,595
70113532,993
70074299,1415
80995799,1416
80219143,1417
17687959,1418
70100377,1419
80189630,1420
81010867,1421
81010865,1422
81010874,1423
80075018,1424
70260374,1158
80190180,1425
80190180,1426
80150002,1427
80079265,1428
80238080,1429
296682,353
60037606,353
516154,353
80170187,219
80174137,1430
80038296,1431
80011848,1432
70100381,1433
70110919,1434
80221560,1435
80200961,1436
80214580,1437
80085013,1438
81077597,261
80049193,1439
70039783,1421
81010871,1440
81004270,1441
81004270,1442
80224924,214
70051671,1443
80144408,1444
81038545,1445
81044496,1446
80235932,1447
80235932,1448
80235932,1449
80235932,1450
80235932,1451
80176592,1452
80170381,1453
80142103,1454
80152842,1455
80049928,1456
70296765,1457
80131168,1458
80119190,1459
80119190,1460
80119187,1461
80048568,1462
80119192,1463
60027945,1459
80119188,1461
60027942,1464
80115857,1174
70281026,1465
80119194,1466
80119191,1467
80119193,1466
80119193,1468
80119189,1459
80119189,1461
80119189,1469
80119189,1470
80119189,1471
80119186,1464
70013050,1459
70013050,1472
70022548,1461
80097423,1473
80097423,1474
70259177,1475
80117458,1476
80143362,1477
80201200,1478
80183197,967
80183197,539
80148210,1479
70128549,1480
70069233,1480
80018336,1481
80180509,1482
80145255,1483
70230147,1484
80105067,1485
81033429,1486
80188579,1487
80992232,1488
80145533,1489
80200571,1490
80999977,1491
70129463,281
80170767,1492
80134826,638
81047902,1493
81047897,1494
80216988,1495
80213803,1496
80175623,1497
81002880,317
80222896,1498
81038046,1499
80101096,1500
80202809,1501
80020132,1502
80020132,64
80206758,1503
80162210,1504
80126485,1505
80082242,1506
70202151,1507
80999996,1508
80999996,1509
80169617,1510
80144454,1511
70204282,1512
80242378,1513
80171733,1514
80245408,1515
80044566,1516
80991158,1517
80191046,1518
80169469,1519
80148239,1520
81010863,1421
80162503,1521
80150350,1522
80160692,1523
70060865,1434
80157890,1524
80164752,1525
80135149,1526
80171965,314
80100945,1527
70293820,1527
80195967,1528
81033107,775
81048554,1529
81048554,1530
80144983,1531
70105459,524
80207444,1532
81033516,1533
81075235,1534
81072516,1534
70283202,1490
80156212,1415
70296742,1535
81059944,1536
80095531,1537
80192139,967
80192139,539
80192063,967
80192063,539
80218656,1538
80095806,1539
80013550,1540
80058979,1541
80058979,1542
81037077,1427
81054383,1543
81047798,1544
80189216,1545
80092781,361
81019338,1546
80132964,1547
80117824,1548
80058460,1549
80076467,1550
80049951,1551
80049951,1552
80031800,1553
80017171,1554
80108984,1555
80135296,1556
80135296,1557
80158577,1558
70175439,1559
80204923,1560
80117831,1561
80223734,1562
70307848,1563
70105599,1564
60029366,1565
80100260,1275
80017170,1566
70028197,1567
81013990,1568
80171678,1569
81074015,129
81041273,1237
70108985,1570
81004374,1571
70045356,158
70203594,219
70203594,1572
70253171,158
70109657,219
70020728,1573
81024308,1574
81031178,1575
70056425,1576
81050198,1577
81034771,1578
80239442,1579
80238299,1580
80201814,1581
80201814,1582
80192244,1583
80235957,1584
80226021,1585
80147758,1586
80201608,1587
80241537,1588
80241616,1589
80239642,1590
80239988,1591
70041893,301
70041893,1592
80238298,1593
80238400,1594
80239738,1595
80239738,1596
80237300,1597
60021758,1598
70095265,1107
80164075,1599
80164075,1600
80164075,1601
80117240,1602
80098842,1603
80098842,1604
80156935,1605
80102080,1606
80092884,1607
80023794,1608
81060041,1609
70090072,1523
80145621,1422
80100268,1521
80206696,1524
81010870,1610
80226234,1611
80081274,1612
80134967,638
80192187,1613
80189653,1614
80135585,1615
80214087,412
80216664,1616
80017535,1617
80219917,1618
80174144,1619
80220677,1620
80229829,1621
80141173,1622
80134515,1623
80134521,552
80097003,1624
80134516,1625
80134606,386
80134518,1626
80134330,552
80038298,1627
80038298,1628
80134500,1627
80038353,552
80038354,552
80038439,552
80038440,1629
80134604,29
80134524,1630
80134524,1631
80038355,1632
80038441,1632
80134433,1633
80134436,1623
80134514,209
80134398,209
80134520,1634
80134420,58
80134501,552
80134399,209
80160127,1635
80160127,1636
80134438,1637
80134435,1638
80134519,1639
80134434,386
80160357,1640
70299745,475
80038527,475
80038527,1629
80038445,475
81059183,1641
81024332,1642
81059444,1643
80987464,1644
80156925,1645
60002907,1646
80207473,1647
80990534,1648
70111265,1649
70111265,1650
70024098,1651
80071907,1652
70020730,1653
80057137,1654
81045720,1655
70236016,1656
81069249,1657
81083971,1658
80200047,1659
80156772,1660
81016361,1661
81016361,1662
81016361,1663
81055395,1664
81055395,1665
70077556,1666
70100412,1667
60021299,1668
70129374,1669
80167647,1670
80184973,1671
70229921,1561
70021551,662
70021551,661
80236167,1672
80175151,1673
80232404,1674
60036746,1675
60036613,524
80214584,1676
17671454,1677
60036617,1678
80230555,1679
80230555,1680
70294790,1681
70063017,1677
60003401,433
80224605,1682
70021253,1244
70138498,1683
80188099,1684
70025303,1685
70048905,429
80223227,1686
80223195,1687
80236906,1244
80238297,1688
80235958,1689
17969262,1690
80223317,1691
80223317,1692
70012334,1693
80184131,1694
80184131,1695
80106947,1696
80082014,1697
70291094,1698
70250369,1699
70250369,1698
80223230,435
80059049,1690
60032008,1587
60037397,1250
80223228,1700
70001082,1701
80238291,1702
80158247,1703
60035875,1704
70244982,1074
70065769,1705
70099702,1706
80238637,1707
80188777,1708
80238293,1394
80132381,1709
80023851,1681
70019491,633
70304187,1449
70304187,1450
70304187,1451
60001670,1690
80196367,1710
70134669,786
80202728,1711
80238294,1712
80023853,777
80244078,938
80238292,938
80238190,1713
70304188,1449
70304188,1450
70304188,1451
70304186,1449
70304186,1450
70304186,1451
70304189,1480
70143440,1480
20717860,1714
80201833,1715
80238295,1716
80223190,1717
70125935,1718
60021903,1690
70001564,1677
80135631,1719
80135631,1720
70175127,1721
80172471,1722
80144119,1723
80165917,1724
70155788,1725
80134814,1726
80103424,1727
70285730,623
80172469,1728
80097530,1729
80092404,1730
80092850,1731
80093127,341
80103734,1732
81061410,1733
60024935,1734
80168189,1735
80244709,1736
80194946,1737
80159025,1738
81025973,1301
80121387,1739
80227090,1740
81113918,1741
81029736,1742
81051688,1743
81113921,1744
80173387,1745
81013112,1746
81013112,1747
70290904,1748
70294793,1749
81030855,1750
81035852,1751
80079473,1752
80018328,1753
80996787,1559
81035881,1754
81035843,1129
81035837,1755
80039136,1756
81035884,1757
81035863,1758
81035858,1759
81035882,1758
81035847,1760
81035859,1761
81035859,1762
80223226,925
81076055,1763
80996790,1764
80996790,1765
70181716,1766
70270388,1767
80186608,1768
80042309,1769
80169554,1770
80114804,1771
80237423,773
70304298,1772
70304298,1773
70117293,1774
80121841,1775
81093122,1776
70293788,1777
81039384,1778
70245034,459
80220676,1779
80109341,1780
80127764,1781
80190144,1782
80039644,1783
80039644,1784
80052790,1171
80144311,1785
80109145,469
80109145,1786
80117455,1787
80132626,1788
80106124,1789
80106124,958
81145270,1790
81128584,1791
80198478,1792
80191989,967
80191989,539
80238434,1793
80177782,218
80217569,1794
80015210,1795
80134080,1796
81130373,1797
81091378,1798
81136964,1799
80233215,1800
80241779,1801
80091936,1314
81110498,1802
81060096,1803
81060096,464
80994807,1804
80133553,1805
70236020,1806
81002747,1807
81002747,1808
81002747,1809
81075239,1810
81075239,1811
81108230,1812
80192018,256
80200015,638
80161640,1813
80108952,1814
70308063,1815
80996192,1816
81090899,1817
81095399,1818
80038207,1819
80171598,1820
80160994,1821
80191356,1822
80191357,1822
80097641,967
80097641,539
80097349,1823
81055402,1824
80231602,1825
26009364,396
26009364,1826
80143794,1827
80168227,1828
70026432,1829
80155477,1830
80038420,1831
81035849,252
80195901,57
80195901,1832
80128245,1833
80993655,1834
80167644,1835
80167644,1836
80027041,1837
80027041,1838
80027041,1839
80027041,1840
81018067,1841
80220422,1842
80220422,1843
80220422,1844
81033473,1845
81035870,1846
60024788,1845
60024788,1847
80166185,1848
81035868,1180
81035868,1849
81035877,1850
81131274,1851
81131274,1852
81035876,1130
81035875,1853
81035866,1854
81027187,1855
81035879,252
81035871,1856
80997770,1355
80997770,1857
80173234,1858
80151644,1859
80151644,1860
80185223,1861
70038131,1862
81110386,1863
80108430,1864
70135893,1865
80121844,1866
80158750,1867
80216302,1868
81105525,1869
81105525,1870
81017094,1871
80190535,230
80241071,1872
80233611,1873
80233611,1874
80160814,1875
80993404,459
81092781,1876
81001090,1877
81083891,1878
81092782,1290
81092780,1876
81092783,1879
81136963,1880
80076698,372
80038159,1881
80037691,1882
80998296,1883
80049873,1884
80094358,1885
80174177,193
80174177,194
81123051,1886
81034980,1887
81034980,1888
81123052,1889
81035887,1890
81113927,1891
80213115,1892
70074315,301
81002885,1893
81002885,1894
80991033,1350
80991033,1351
80991033,623
80991033,1074
80244547,1895
80991025,1896
80991025,1897
80184100,1898
80131280,1899
80991026,1900
80164206,1901
80187684,1902
80160726,1903
80104706,1904
80172284,1905
80158770,1906
70302844,1907
80245601,1908
80242619,1510
70267830,1909
81035853,1910
81035841,1850
81147766,1911
81035889,1755
81088277,72
81035874,1129
81035883,1912
81035848,1913
80176756,1914
80168221,1915
70261178,1916
81002929,638
80221016,590
80222188,1917
80221640,1918
80221640,1919
60001104,1920
80132601,1921
80176866,1922
80114989,1923
81092768,1924
81092766,1924
70060018,1925
70202141,1926
81032375,1927
352989,66
81062606,1928
81077795,1929
81092767,1924
81092909,1924
81070008,1930
70098605,1931
81077539,1932
20129240,904
70108017,1933
70011219,1934
80097424,1935
80203143,1936
81068732,1937
60026155,1938
80994443,1939
80245442,1940
80190515,1941
80048218,1942
60033300,1943
70011206,1944
80998558,1587
80168167,45
80245626,1945
80196584,1946
80157084,284
80158580,1379
80108609,1947
80173267,1948
80144804,1949
80139214,99
80106038,1950
60000901,1951
80158769,1906
80158579,1379
80158920,1952
80107736,1953
80148967,1954
70057994,1197
80186862,1955
80156937,1197
80158546,1956
80156936,284
80121843,1957
80158581,1379
60023237,264
80104041,1958
80093213,1501
80099305,1959
80103623,1960
80032640,1961
81098589,1962
80221446,1963
80991107,1964
80048977,1840
70189282,1965
80119249,1966
80117747,1967
80004286,1968
80004286,1969
80004286,702
81039323,1970
81039323,1971
80192064,967
80192064,539
80176715,1972
80168029,1973
80245121,1974
80177339,1975
80170277,1976
80097355,259
80223153,1977
80223153,1978
80223153,1979
70122316,1253
80102160,632
80076160,169
80099089,1980
70303706,1080
80195243,1981
81039161,1982
80240537,1983
80997870,1984
80997870,1985
60001377,157
81151899,1986
81030976,1987
81017011,1988
80213715,773
80999990,1989
80999991,1989
81000000,202
80162192,1990
80162192,1991
70074100,1926
70224969,1992
70261273,1992
70250364,773
80198632,1993
70143241,1994
70143241,1995
70278933,1962
80093198,1996
81018141,1997
81015524,1997
70124965,1998
80999107,1999
80992365,2000
80092926,2001
80195835,2002
80171022,2003
80192135,967
80192135,539
80236421,2004
80170862,2005
81092331,2006
80173485,2007
81028404,1498
80198508,2008
80228239,2009
81032669,2010
80155932,2011
80994020,2012
80049094,594
80049177,2013
80025495,128
80023689,2014
70278930,2015
80038337,2016
80038337,2017
80053475,2018
80999986,2019
80022605,2020
80029901,2021
80037478,2022
80007777,2023
80999987,2024
81000015,202
80999982,202
80999984,202
81005453,777
80999989,1989
70218312,2025
81006594,2026
80185321,2027
70298116,2028
80117542,2029
80117542,2030
80213658,896
80232989,2031
80014857,674
80147988,2032
80145512,2033
80225024,982
80204616,2034
70108777,395
70259259,2035
80017021,1613
70099615,402
70099615,2036
70034607,1391
70118801,2037
80213654,310
80158802,459
80158802,2038
70117354,807
81036524,2039
70025372,2040
70025372,2041
70123160,2042
70299270,2043
80017280,2044
80017280,2045
80155863,1044
80107087,2046
81035840,2047
81035840,2048
80195962,2049
80186829,2050
80013547,2020
80115874,2051
80244472,1736
80190463,2052
80164164,2053
80997613,2054
81092325,2055
70053885,2056
70301275,423
80073823,2057
70299859,45
80027378,2058
70266679,1037
1005494,893
80998968,2059
70272893,2060
80232891,2061
80180376,2062
80180376,1225
80183329,2063
80192842,2064
80154884,2065
81113926,1594
80217130,2066
80167460,2067
80028208,2068
80028208,2069
81155782,2070
81003981,2027
81151313,2071
81151313,2072
70042688,2073
70109429,2074
70109429,2075
81011993,2076
81153373,2077
70262783,2078
70293661,2079
70266171,2080
80095718,2081
70257413,2082
80988262,2083
70295189,2084
80993684,2085
70257860,2086
80998908,2087
70171835,1598
80993650,2088
80049979,2089
70267439,2022
70293812,2090
80113589,2091
70298393,2092
80191557,2093
80096585,2094
80096585,2095
80096585,2096
80096585,2097
80096585,674
80096585,2098
80096585,1008
80096585,2099
80096585,2100
80106928,2101
80064459,2102
80102204,1179
80014996,2103
60003082,2104
80081277,2105
80149064,2106
80168188,2107
80171659,2108
80097221,2109
70306646,2110
81011936,2111
80167481,2112
80214743,2113
70270773,636
70270773,637
80991827,2114
70300666,2115
70300666,2116
80044126,310
80148179,2117
70301023,310
80221109,75
81145271,2118
81024041,2119
81044248,2120
80221677,2121
70084221,2122
80234791,2123
80120200,2124
81036520,2125
80180224,2126
70299904,2127
70299904,2128
80171125,2129
80106989,2130
80044731,2131
60010069,590
70084148,2132
70101345,2133
80238020,1212
70128697,2134
70044688,2135
60035622,2136
80117079,2137
70001958,590
70066433,566
70098899,2138
81121172,2139
81121173,2140
81121174,2141
81121175,2142
81121176,2143
81121177,2144
81121178,2140
81121179,2145
81121180,2146
81121181,2147
81121181,2148
81121183,2149
81121184,2149
81121185,2150
81121186,2151
81121187,2152
81121188,2153
81121189,2154
81121189,2155
70265211,2156
70109689,1485
855084,243
70105369,2157
60029369,2158
80005738,2159
80005738,2160
60000415,593
70112731,595
81130297,2161
81130297,2162
60033320,2163
81060038,2164
60020745,2165
18907685,590
81113468,2166
81017506,2167
70114342,2168
70114342,2169
70021661,993
70084795,2170
60027701,2171
70021654,2172
81077862,1233
70001777,590
80182447,2173
70055855,2174
70295560,1789
70295560,958
80994575,2175
60036112,642
80994424,2176
80997402,2177
80994423,2178
80236278,2179
80217136,2180
80115118,2181
80180851,2182
80236279,931
80994573,2183
70057519,2184
80994425,2185
60029032,2186
81002211,2187
70062158,1249
80994419,2188
80994426,2189
80994574,2190
70125939,2191
80994420,2192
70205125,2193
70034610,2194
80992111,2195
80222256,2196
80206917,2197
80176064,2081
80176064,2198
80176064,2199
80994421,2200
70098332,2201
80236280,1361
80994572,2202
80217135,2180
80996349,2203
80217120,2204
80217120,2205
80993648,2206
70306701,2207
80178940,2208
80158301,2209
70290905,2083
80167699,2210
80158390,1956
80184770,2211
80191358,1822
80190946,2212
80107948,55
80094964,2213
80158481,2214
70299811,2215
70229498,662
70229498,661
20257393,1956
80093106,2216
80171528,2217
80187467,2218
80187323,2219
80157132,284
80093104,2220
80114498,2221
80114498,2222
80114498,2223
80114498,2224
80106979,317
80053140,2225
80105672,2226
80114700,2227
80114700,2228
80106139,2229
80108386,2230
80108386,2231
80108386,2232
80108386,2233
80108386,1345
80108386,2234
80108386,259
80108386,2235
80108386,2236
80108386,2237
80108386,2238
80085300,2239
81214114,419
81167492,2240
80198623,2062
80198623,1225
81062853,2241
80220814,1951
81046962,1951
80150242,2242
80213403,2243
80233024,2244
1193180,2245
70251894,1126
80077923,459
80173542,2246
80233408,1731
70142888,1576
81005561,2247
81005561,2248
81048548,2249
81045052,2250
80079428,2251
80096786,2252
80200744,2253
80097725,2254
80128657,2255
70295415,2256
80125627,2257
81037970,2258
81037984,2259
81037986,2260
81037985,2261
80153895,2262
70026431,2263
80020885,1494
80002667,60
80174974,2264
80213400,2265
80213400,2266
80213400,2267
80213400,2268
80213400,2269
80213400,2270
80213400,2271
80213400,2272
80213400,2273
80213400,2274
80148595,2275
70301484,2276
80038358,2277
80998427,2278
81000860,2279
81030789,2280
80134893,2281
81047683,2282
81049950,2283
81047677,2284
80188596,2285
81016360,2286
70307659,873
80224476,2287
80133549,459
80081958,2288
81035398,2289
70113347,2290
80097389,2291
80097389,2292
80221639,2293
70099120,2294
81024718,655
21028726,2295
80019930,64
80019930,2296
81006825,2297
81213891,435
498716,2298
80220085,2299
80244855,2300
80134966,953
80220813,2073
81048561,2301
80237903,158
81026705,2302
80122209,1960
80109193,2303
80109193,2304
80208468,484
80214582,1878
80168198,2305
80117940,2306
80998786,2307
81047898,2308
81057249,2309
81047900,1494
81047899,2310
81047901,1494
81047901,2311
70261978,562
80099016,2312
60024962,2245
81031181,342
80107084,1668
80196589,2313
80125818,2314
80125818,2315
80192138,967
80192138,539
80239629,2316
80239629,2317
80180171,2318
81023638,296
80190283,2319
80148920,2320
80233925,2321
81021098,2322
81021098,2323
80194737,2324
80192062,967
80192062,539
80193614,2325
80117453,773
70296733,2326
81026192,2327
70109891,2328
80003479,2329
80163053,2330
80208684,1861
80124680,2331
80175405,2332
80175405,2333
80214777,2113
80079427,967
80079427,539
81026986,2334
80149575,2335
80144448,2336
80100936,2337
80192420,2338
771476,993
771476,456
80213401,2339
80198056,2340
80208083,2341
80208083,2342
80045818,2343
80195429,2313
80158485,1021
80198661,2344
80198661,2345
80119375,2346
70271454,2347
81035279,906
80134721,2348
81038976,2349
80988257,510
81023713,2350
80174219,2351
80133139,2352
81127902,2353
80191988,967
80191988,539
80180373,2062
80180373,1225
80117452,762
80152003,2354
70268449,2030
81147285,2355
70120142,2356
70142824,2357
81235729,2358
80057599,2359
81093113,2360
80049358,611
70141971,2361
70141971,2362
70114021,918
70114021,917
70275751,2363
70098902,2364
80118718,2365
60022265,2172
81026003,2366
80997602,2367
80169611,2368
81144867,2369
81127333,2370
60000878,2371
81000864,2372
81047445,2373
81045085,2374
81050190,2375
81045065,2376
80028965,2377
81050191,2378
80202078,2379
81047446,2380
81000511,2381
80218104,2382
80997719,2383
80997719,2384
81044856,72
81044857,72
80154682,2385
80158543,295
80158543,284
80216543,2386
80223136,2387
80189955,2388
80195807,2389
80116307,2390
80228321,2391
80228321,2241
80156940,273
80222177,2392
80224233,2393
80168300,2394
80228282,2395
70114977,2396
80105342,1929
80119140,2397
70285683,2398
80141338,2399
80015154,2400
80106440,2401
80128690,1875
80141337,2402
70118799,372
70137753,372
81060049,2403
81060049,2404
70244163,1802
81221851,2405
81009823,2406
70298946,2407
80144144,2408
80106504,2409
80141335,2410
80115030,2411
70291114,248
81044299,2412
70113534,2413
80113667,2414
80137087,2415
80096955,2416
81173792,2417
81113919,716
70065107,2418
80990532,2419
80108149,2420
70120182,2421
70120182,2422
80173395,2423
80226236,2424
80187307,459
80098203,2425
80081960,2426
81221873,2427
81036539,2428
80191048,2429
80245041,2430
80202273,2431
80170870,2432
81183491,1353
70253597,2433
70199239,2434
80099306,2435
484369,869
80109128,2436
80187188,2437
80117811,2438
70084788,2439
60036237,2440
80014637,567
60000407,1023
70202138,2441
81035731,2442
1181488,2443
70308046,1519
80108158,2444
60024942,866
60000891,2445
70021648,2446
1151188,674
374651,2447
70124183,2020
60026106,2448
60026106,2449
70041162,1418
70082268,2450
70019004,2451
70128701,2452
1151721,2453
60029363,95
80032636,2454
60002003,2455
1179574,2456
81103093,2076
60000393,2457
60026114,887
70042687,2457
523650,2458
70104894,2459
70081015,2460
70081015,2461
70100448,2460
70100448,2462
70118155,2460
70044594,2463
81088083,623
81088083,1074
81088083,1351
81088083,1350
11819467,1925
70065096,1433
70000091,2464
70019506,601
70150473,1436
70131314,2465
70284281,2466
81084305,219
60021788,2467
70112732,2468
60021790,2469
60031236,395
60032563,395
673843,2470
673843,2471
1180086,2472
281550,2473
70125232,2474
81211681,761
60000440,1802
81217437,1087
60000480,754
70021634,2439
70112500,2475
786137,2476
60034568,1938
80197991,2477
70050507,2478
70125581,2479
846071,249
81085364,2480
81140307,2442
70128695,2456
80095807,2481
70121008,2482
60000870,2483
70260512,2484
80135276,2485
60035996,249
60000409,2486
60022396,2487
28631029,2170
60022058,2170
70077544,2446
60023856,2488
1029730,2489
60029154,421
70103524,541
70021631,2490
404067,2171
70020296,1033
70021652,2491
70061763,2492
70113006,887
70105370,2493
70105370,2494
60004484,2495
60004483,2495
5670479,2496
60001808,1054
60001807,1054
793907,2158
60001854,294
20159719,2497
60024914,2498
60000209,2499
60033108,2500
1064058,2501
60021377,2502
60033107,2501
80066084,419
1067876,2503
70117902,875
60001396,2504
22007250,461
60020949,2505
60011597,2506
70100379,2073
70209245,2507
70045863,2508
70045866,2509
80999981,2510
60022056,2511
80016588,769
70011207,2512
60027689,1485
80239710,2513
80108616,741
70084799,866
60010487,866
60011649,866
60010488,866
60004476,674
70299748,238
80214621,2514
80245709,2515
70117299,2516
16944044,2517
81045060,2518
60031284,2453
70256512,310
70058019,2519
81046846,2520
880640,395
81052279,2521
81052277,2522
60026139,620
70101375,2523
408911,584
80195885,2524
70307648,2525
70174741,2526
60023619,95
70023960,566
80201623,2527
80202086,2528
80190844,2529
80201626,1581
80201626,1582
80195653,2530
80084756,2531
70117122,1581
70117122,1582
80197427,2532
80192627,1221
80202713,1958
80084454,2533
80196217,2534
80208908,2535
80167491,2536
80167491,2537
80206907,2538
80202905,2539
60035870,2540
80074065,2540
80201809,2541
80228146,2542
70169918,2543
80201810,2527
80221637,2231
80197301,2544
19207412,2540
80217436,442
80201618,2541
70128225,2545
80020131,335
80020131,1969
70286028,1968
80020036,2546
80020036,2547
70301472,64
70286029,1968
70286029,1698
80196138,2548
80196138,2549
80138615,2550
70297799,2551
80131236,2552
80184547,2553
70116578,2554
80202908,2555
80184135,2556
80139199,2557
80208830,129
80201813,2558
80155790,2559
1065372,2560
80159566,2561
80201815,932
80217857,2562
70114043,1584
80158376,2563
80154688,2564
70060010,2565
70060010,2566
80011026,1377
80117742,2567
80147318,2568
80152741,2231
80097375,2569
80145085,2570
80144141,2571
80144141,2572
80144141,2573
80118002,2574
80036832,901
80092837,2575
80092837,2576
70242899,2577
70053412,2578
80131616,2579
80174367,2580
80174367,2581
80217312,2582
80209006,2583
80117531,2584
80153131,2585
80991400,480
81059388,2293
80231156,2586
80191045,2587
81029383,2588
80178280,707
80119555,2589
80158270,2590
70302836,2591
70302836,2592
81034763,2593
80151370,132
80151370,859
81010962,2594
80094258,2595
80159028,953
80201570,2596
80225034,905
80044834,1021
80216779,2597
80201497,2598
80134431,2599
80198745,2600
80168052,2601
80168052,2602
80167667,2603
80038446,2604
80059410,953
70252885,2103
80157760,2605
80065220,2606
80065220,2607
80124726,967
80124726,539
70301279,2608
81002591,2609
81002591,2610
80123777,2611
80123777,2612
80109296,2613
81017530,2614
80190130,2615
80226357,2616
80061160,2617
80133550,809
80133550,1358
80103313,2618
80092925,1610
80094723,1421
81010869,1438
80188883,1438
81045072,2619
81010873,1610
81010864,1421
81010866,1610
80175332,1610
81047510,2620
81047510,2621
81047510,2622
80011541,1610
80065327,2428
81010872,1422
70123648,1421
70127628,1610
80050106,1423
80134779,773
80159955,2623
80013282,2385
70167133,2624
70039645,2625
80214583,2626
80213299,2627
80213299,2628
80213299,2629
80213299,2630
80213299,2631
80213299,2632
80213299,2633
80213299,2634
80214579,2635
80170119,2636
80119235,2637
80039717,2638
80016401,2639
70278931,69
70305955,2640
81051693,2641
80109295,2367
80071048,2642
80002073,2643
80002073,285
80021983,2643
80002074,2643
80100937,2644
80023667,2281
80191608,2645
80119233,2475
80100261,2646
80097376,2647
80097376,2648
80992973,317
81026327,2649
80224060,2650
81027190,2651
81071868,282
80013712,2652
70292939,344
80057509,2653
70202577,1355
80013283,1355
80118004,2654
80003151,2655
80003152,2656
80012477,2657
80003153,2658
70296573,2658
80236133,2659
81069254,1271
81069254,2660
80223050,2661
70251896,866
80198735,2662
80134969,878
70166234,2663
60031404,2664
81031652,2665
80108610,2666
80217121,2667
80117596,622
81060040,2668
81005266,2669
81063743,2670
80219974,2671
80217826,2313
80177414,2672
80226233,2673
80098490,2674
81024494,2675
70176656,595
80223123,2676
80214581,2677
80223731,2678
80211728,2679
80121386,2645
80158772,2680
80152627,2681
80149259,2682
80149259,2683
70307570,2684
80081337,2684
81057246,2685
80209153,2686
80222025,2687
80161850,2688
80107808,2689
80123910,1072
80103428,1072
80113673,1299
80013271,532
81004511,2690
80989337,2691
80191555,2692
80184625,2693
70100084,749
80106438,2694
70295085,551
70295085,703
80159877,2695
81043345,386
80208091,2696
81052266,2697
81067757,2698
81015076,2699
80095232,969
81067758,2700
70002291,1378
81050193,2701
81067759,2702
80045203,2703
81043346,137
81045069,2704
80216820,2705
81026667,2706
81026667,2707
70056686,2708
81067761,2709
80992672,2710
80992672,2711
81050194,2712
70109378,2713
81043343,2714
80988834,2715
80144372,2716
80201612,2717
80202087,1889
80201816,2555
80201816,2718
80201605,2719
80201609,1387
70116577,2720
70121660,938
70120167,110
80201622,2527
80201817,2719
80082749,2721
80065214,2722
80152155,2723
70137744,2724
70137744,2725
80167461,2726
80157565,2727
80007215,2728
81071972,2729
80244853,2543
80167498,1789
80227304,2730
80081987,2731
80134968,2732
80134887,2733
80046696,2734
70118368,543
80168084,2735
80168084,2736
81074663,2737
81012294,2738
81012294,2739
81012294,2740
81012294,2741
81012294,2742
80013293,2743
80241304,2744
80147513,2745
80103818,2493
80106791,2746
80106791,2747
80174429,1179
80174429,2748
81037273,2749
81037273,2750
81037273,2751
81037273,2752
60022998,2753
60022998,2754
60003378,2525
70132722,2755
81045891,2756
81045891,2757
81059656,2758
80080618,2759
80994282,2760
80220013,2761
80065492,2762
81050118,683
81050118,2763
81048914,338
80220228,2764
70101697,670
80106984,2743
80104316,2765
80208661,2766
81063480,2767
80199689,2768
81063084,2769
81059649,2770
81059649,2771
81059812,2772
80205451,746
70045919,1840
80141928,2773
80198055,2774
80195654,2775
80170992,2776
80163352,2777
70251218,2778
80217040,2180
80172958,364
80171291,2779
80234290,2160
80234290,2780
80168231,2781
80005332,2782
80060060,2783
80091866,2784
80124947,2785
80017528,2786
80095530,2206
80093105,2787
80134682,588
80154179,2788
80127604,2789
80156767,2790
80156767,2791
80159668,2792
60036691,2793
80161851,2794
80161851,2795
80161851,2796
80161851,2797
80152745,392
80167843,2798
70306702,2799
81004748,2800
80174959,755
80225595,2801
80160347,563
80098200,2802
80081410,1448
80081410,1449
80081410,1450
80081410,1451
70117322,2803
81157385,2804
81033201,2805
81033201,2806
70253594,2807
70266069,313
70035037,171
81016342,782
81016342,175
70152959,2623
70144331,2808
80178974,2809
80157086,284
70089214,2810
60020906,633
60002808,2811
70129396,2812
70129396,2813
80156938,295
80156938,284
70087087,2814
80156405,2815
80103392,2484
80098288,2816
70103762,2817
80223271,2050
81016408,2818
80201490,2819
81001412,2820
80993105,2821
80195198,2822
80191044,2823
80999067,334
81003741,2204
70063484,2824
81172740,2825
81172756,2826
80223779,420
81068687,2827
81172758,2828
80213588,1266
80213588,2829
70120340,2830
80126997,462
81172868,462
81002594,750
80185876,2831
80117746,2650
80142615,2832
80115673,2833
80105691,2834
81029841,778
80244190,2835
80211229,2836
80187435,310
80104103,2837
80004478,459
81188871,2838
80211590,2839
80187306,52
80988989,2840
80117080,2841
80042368,2347
60034116,429
70211474,1077
81177444,2842
81213876,2843
70056728,2844
81161834,2845
247747,2846
70064205,2847
80083672,2848
60003405,2849
70053010,2850
81038225,2851
70062701,430
81213889,524
70005055,2852
60029461,2853
81213893,1244
372195,2854
20255593,2849
70059328,2855
81213888,1681
60024927,566
20255837,2856
70006866,2857
20077944,1250
20705133,2858
21028086,2849
22040803,2496
70054380,2784
60020236,2859
20765027,2860
81109078,2861
81213885,2862
70129075,508
60001407,2863
70295531,2864
17457622,1244
20712279,2865
70051840,2866
81213895,2849
24073896,2867
81221913,2868
70040912,1244
81213979,2869
70018445,1244
81213897,2860
81213877,2870
81213882,2871
81213896,2872
60003097,2852
81213887,2873
896678,2874
81217436,2875
81221914,2876
70072558,2877
60002818,2852
20257617,2878
70059284,524
60001404,2872
81213879,2879
81213898,519
28371873,2880
17016471,2881
70065255,508
60021548,1087
81217438,2882
81213873,2883
81213874,2884
81213884,2885
81045989,2526
70059483,2886
80108207,2886
70043231,2887
70043231,2888
81045515,2889
80232095,2890
60004393,2891
70026468,2891
81045512,2891
81026251,1520
81031650,2892
81006261,527
81045509,2893
70298389,2894
81045530,2894
81045511,310
70266169,2895
80190585,1930
80210716,2896
80210716,2897
80230402,314
80230465,1680
80230465,1679
80144691,2898
80168234,2899
80221778,2900
80184972,2901
80208084,2902
80208084,2903
80208212,2904
80218432,2905
80115134,2906
80098284,2907
80220761,2908
80087891,2909
80022613,2910
80163263,2911
81078397,2912
80221271,1212
80103374,2913
81167490,2914
81012943,170
80044536,2915
70301620,2916
70213471,2917
70132228,2918
70132228,2919
80194671,2920
70253398,2921
81043135,2922
80185375,2923
80097519,2924
81024730,2925
80151663,2926
80995577,666
80244708,2927
80136332,2928
80136332,2929
80082739,2930
81228864,2931
81094074,2932
81044813,2933
81172726,2934
81029400,2935
80141781,2936
70253590,2937
81150338,2938
80013773,2939
80098103,849
80211991,2940
80182473,2941
80214478,310
80182034,2942
80182034,2943
80083594,2944
81164603,2945
81000505,2946
81000505,2947
81045499,2948
81164636,419
81037697,2949
81037697,2950
80208235,2951
80219127,2952
80219127,2953
80052828,2954
80190840,2955
80145086,2956
80145086,2957
80244123,2958
81104634,957
80171023,2043
80107989,2122
80168161,2110
80158649,2959
80134885,2960
80136548,2961
80136548,2962
80097363,366
81014479,2112
80989338,2963
80131551,2964
80119234,828
80229953,1088
81108479,2965
81172830,2966
80999643,2967
80196789,2968
80109551,2969
81020973,2912
81019341,2970
80223098,2971
80132411,2972
80092839,2973
80092835,2973
81172911,462
81172866,2974
81172897,474
80126996,462
80174451,2448
81001097,2975
70270949,2976
81008536,2977
81036532,2978
81036535,2979
81036533,2980
80232740,2981
80232740,617
80107030,2982
80163222,2983
80142140,2984
80117628,158
60030245,2985
70271592,2986
80046144,2987
80046145,2987
81036338,2988
80058480,2989
80206847,2194
80164930,2990
80115102,2991
80098467,2992
80098491,674
80244681,2993
81018239,2994
80205978,2995
80189806,2996
80155902,2997
80206057,2995
80105358,2998
80108691,113
81031373,2999
80166467,3000
80166467,1208
80218939,3001
80175314,3002
80039655,3003
80023921,3004
80023921,3005
81070659,3006
81045765,3007
81018634,2851
80039602,3008
80090672,3009
80012535,3010
80012535,652
70137790,3011
81048551,3012
81048551,3013
81048551,3014
81048551,3015
81048551,3016
81048551,3017
81048551,3018
81048551,3019
81048551,3020
81048551,3021
81048551,3022
80058477,1865
81000861,3023
81039381,3024
80026431,3025
80026431,3026
80013772,3027
80013474,3028
70184051,1566
80232329,3029
80000644,3030
80145625,3031
80144803,3032
80136440,589
80127459,3033
80101609,3034
80125782,3035
80074933,3036
81213155,3037
60021525,3038
80057585,1350
70059026,3038
70224999,3038
70278990,3039
70181734,2623
80205232,833
81135444,1183
70254352,3040
81213153,3041
81213148,3042
70134537,3043
70001237,3038
70114467,1350
81213149,3044
70110883,1069
60004509,3045
60004509,3046
60004509,3047
70262614,3040
60022041,3048
81213152,3049
70202336,1350
81025946,3050
81036745,3051
81034633,2894
81034635,2894
80988832,3052
80188902,3053
81045054,3054
70117674,3055
80104116,9
80197310,3056
80220783,2619
80177441,1002
80218586,3057
80210182,3058
80018252,3059
80203788,3060
80227673,3061
80219340,3062
80218784,3063
80218783,3064
80223049,3065
80217545,3066
80203784,3067
80203784,3068
80106230,3069
70003680,3070
80216662,3071
80093295,3072
80142450,3073
80139507,3074
80087348,3075
80098810,3076
80093812,3077
80085567,3078
80092409,3079
80240715,264
80222301,3080
80222301,3081
80104182,3082
81001887,568
81172747,3083
81172757,3084
81172903,462
81172904,3085
70243446,3086
81210770,3087
81172864,3083
81060232,3088
81010212,3089
81010212,3090
80158871,773
80139397,3091
80107019,3092
80107019,3093
80191835,3094
70267802,3095
80124728,967
80124728,539
80020772,1199
70290567,3096
81037373,3097
80065754,3098
80995991,773
80205065,3099
80194612,3100
80104420,2650
80039517,1418
81035888,1129
81036542,953
81001121,3101
80144453,3102
81009829,3103
81009829,3104
80132410,3105
81148811,3106
18066997,2526
60023608,2452
1153656,2452
21302357,2452
81217745,3107
80011622,3108
81165325,1498
81217746,655
70023451,387
80188823,3109
80182479,1103
81217741,3110
60024161,3111
873159,992
81217747,3112
70229213,3113
80191294,3114
81184705,3115
70021640,595
70044689,590
80208793,3116
80208793,3117
81217742,3118
81169158,277
81169158,3119
81149202,3120
70216819,2044
70124651,3121
81013509,3122
81002685,3123
70285697,1787
81018536,3124
81018536,3125
81030201,3126
81024726,3127
81015153,3128
81030198,1787
80017265,1787
81024716,647
80106306,3129
80106306,3130
60034549,2478
80135353,3131
80995077,460
70126809,2044
80127645,3132
80187471,3133
81030200,3134
81030197,3135
70104313,606
80166319,3136
80166319,3137
80158854,3138
80158854,3139
80203781,3140
80178882,3141
80203792,3142
80191930,3143
80191930,3144
70170181,3145
80173001,3146
80171247,3147
80171247,3148
70286808,3149
70135647,979
70135647,3150
80201828,3151
80203787,518
70236586,430
80173271,3152
80191513,3153
80176212,3154
80176212,3155
80147908,3156
80113785,3157
80152091,3158
80118982,3159
80149139,3160
80114915,3161
80104240,3162
907090,3163
80135563,3164
80149282,3165
80154176,3166
80073100,652
80073100,3010
80066806,3167
80066806,3168
70253397,3169
81156592,3170
81074367,3171
81091977,3172
81091977,3173
80063867,3174
81153372,3175
80245357,3176
80222042,3177
80128691,3178
70183165,778
80165487,3179
70297144,3179
81087761,3180
81065902,3181
80195838,569
81112446,1806
81088318,3182
80080617,2385
80203996,411
80203998,411
80203997,411
80204117,411
80204119,411
80204118,411
80163368,3183
80184868,3184
80044888,1438
80050006,953
80002621,638
81145273,1790
81047680,3185
81001278,3186
80165221,3187
81035835,1128
81143771,3188
80208295,3189
80138681,3190
80167488,3191
80142222,807
80156927,3192
80108759,3193
80057578,3194
80018296,3195
70303426,3196
80104648,3197
80992995,3198
80234491,3199
80234491,3200
80234491,3201
80124724,967
80124724,539
80168079,3202
80155475,3203
70254350,2784
70033611,1787
80997863,3204
80114719,3205
80042182,2035
81034010,3206
81034010,3207
81091381,1183
81141694,720
80209658,3208
81006598,3209
81006598,3210
80994162,3211
80174897,3212
80173176,1399
81167494,3213
80999781,234
80997400,3214
70292992,741
70267834,846
80193491,3215
80184834,773
81046796,3216
81002601,3217
80177776,2844
81016192,2709
81016194,1534
80059505,3218
81009815,3219
80163159,3220
81140577,314
80108234,3221
80152442,2098
80161232,3222
70275600,3223
80097431,459
80057691,3224
81003736,3225
70293130,1179
60000677,3226
70012316,279
70304914,3227
70298926,2551
80132127,3228
80164392,3229
80122759,3230
80163366,3231
80115152,3232
80048569,3233
81036530,3234
81145277,3235
80238360,3236
80245450,3237
81008272,1480
81012978,3238
80144145,3239
80224167,195
80224167,3240
81155859,3241
81155858,3242
81147910,3243
81155802,3244
70285728,3245
70274390,3246
80224150,3247
80128689,3152
80185322,773
80163054,3248
81090071,3249
81090071,3250
81151880,3251
81151877,3251
81151878,3251
81144912,3252
81016193,3253
81016196,3254
80201175,3255
81016191,3256
80199962,3257
80134952,3258
80163407,3259
80163265,3260
80171742,3261
60021787,590
81045860,3262
80162179,3263
80115686,429
70242938,3264
81150918,3265
22469949,3266
81155803,3267
70139075,635
70139072,1390
70139072,1848
70267490,196
80087354,3268
70111162,508
80099083,1069
60003290,3269
80227672,775
70139074,3270
70303432,635
70303424,2194
70139071,3271
70219529,2862
70056059,1074
70114589,3272
80104257,633
80997865,3273
70123124,1077
70047320,622
70229043,3274
80087743,2194
70139078,2786
70229041,3275
70187503,435
70075775,635
70204316,3276
80234464,3277
80234464,3278
80209558,3279
80209722,3279
80153897,3280
80138469,3281
80118930,3282
80202810,3283
80202810,2061
80201039,3284
70177633,1694
70177633,1695
80146805,3285
80087352,3286
80173606,3287
80203147,44
80223582,3288
80190984,2851
81092330,3289
80021840,3290
80231419,3291
80235578,3292
80243541,669
70033644,3204
80039484,3293
70059191,3293
11546798,1787
70014531,3294
70026792,1573
80997789,1787
80997867,3295
80039662,3293
80997862,3296
60027334,3297
60027334,3204
80999983,202
70111922,3298
80997859,3299
70130432,3293
70033579,3300
70100527,157
80997857,1787
80997793,3301
80997861,3294
70299867,3302
81154987,1290
81154987,3303
81122206,3304
81122206,3305
81122206,3306
81122206,3307
81122206,3308
81122206,3309
81122206,3310
81004321,1504
80209061,3311
81002212,938
81002212,3312
81002212,3313
81002212,3314
80176707,3315
80199381,3316
80202176,2567
70123118,633
80182274,3317
80185166,310
80068219,310
70209163,1248
80163191,3318
80184661,247
80078761,3319
80115844,3320
80114111,164
70308278,3321
70308278,2773
81147274,3322
80136450,3323
80039439,1936
80044804,459
81147278,3324
81146011,392
81123826,3325
81135868,3326
80162142,3327
80175483,1029
80100772,3328
80188580,3329
80106737,3330
80142058,3291
70044256,3276
70113636,111
70237054,459
70301469,310
81005454,3331
80995575,666
80223371,2453
80175147,3332
80239831,3333
80105356,3334
70296443,3335
80168033,3336
80160346,1002
70121522,32
81065784,3337
80124099,3338
70119812,3339
60032685,3340
70006816,3024
70236587,3341
520489,2453
70266677,3342
60010514,395
70301367,1040
70301367,1039
80014727,3343
81050688,3344
80081505,3345
60022700,877
915927,3346
916043,3347
60010836,3347
916061,3347
60025674,3346
70039168,602
81103092,2076
60031278,3348
60001363,238
60026477,3349
80094096,1394
81085824,3350
1171655,3351
80993489,3352
80993489,3353
70033643,3204
70233317,3354
80997858,3204
80238607,2676
80039485,2040
80998560,3355
70043379,2044
70043379,3356
80232892,3357
80998562,3358
70124268,3359
80998563,3360
80998564,3361
80997864,3362
80035685,921
70142792,2285
81002214,3363
80993656,3364
80998568,3365
80998565,3366
80998566,3367
81001379,2894
81001381,3368
81001382,3368
81001383,2894
80998567,3369
81002215,1267
70105338,3370
81014824,3371
81013200,3372
80041339,2416
70105371,480
60022962,1117
81002213,1818
80190147,3373
80190149,3374
80195886,3375
80190148,3376
80147321,3377
70248183,1039
70248183,1040
70248183,3378
80185723,3379
80151962,3380
80190146,3381
80179433,3382
80114501,3383
80187107,2083
80167646,3384
80080106,3385
80080106,3386
80080106,3387
80185861,3388
80185722,3389
80081374,3390
80109260,3391
80109260,3392
80106144,3393
80107987,2959
80104552,3394
80108147,3395
80108996,3396
80109248,3397
70222860,2470
70222860,3398
70222860,1485
70222860,373
70222860,418
70222860,3399
70222860,3400
70222860,3401
70222860,3402
70222860,1015
70222860,560
70222860,3403
81026677,3404
81026677,3405
80202076,3406
80094357,3407
81074135,1658
80160972,2477
80169549,3408
80091879,60
81091424,3409
80208951,3410
80097466,70
80118918,3411
80118918,3412
80105690,75
80134527,3413
80989339,3414
70295170,366
80130625,3415
80096984,3416
80222823,3417
80209895,3418
80189646,317
80226962,3419
80161104,3420
80161104,3421
80191990,967
80191990,539
80098839,3422
80232502,3423
81088786,3424
81086435,3425
81091423,3409
81083880,3426
80224218,3427
81034317,3428
80185032,3429
80119177,3430
80231064,1631
80227118,1629
80227115,1632
80227113,475
80227116,209
80227119,1630
80227114,137
80194610,3431
80038443,475
80231065,1631
80161109,164
81029737,3300
80227677,773
81092327,3432
80231066,3433
80175333,3434
80198419,3435
70130142,3436
81026008,1183
81062674,72
81062674,2259
80217689,3437
80235025,581
80164904,3438
81015498,3439
80157889,3440
81094082,3441
80048940,2493
80044093,3442
80044562,3443
80044562,3444
80142316,3445
80128715,294
80164212,3446
80096782,3447
80174282,3448
80164864,3449
80162993,3450
80149821,3451
80183328,3452
81035872,3453
81035865,3454
70260989,3455
70260989,3456
80992501,1183
81076251,475
81093925,3457
80191049,2823
70126573,2165
70242568,3458
80217772,3459
80164088,3460
80081278,3461
81035869,1854
81066244,3462
80991404,2584
81035873,3463
81035862,1128
81094665,2538
81035878,1759
80174683,395
70103759,2439
80182411,3464
80182411,3465
80205442,3466
80205442,3467
80205442,3468
80226424,1548
80158042,3469
80117684,3470
80106337,3471
80106337,3472
80133552,773
80052683,3473
81077451,3474
81014345,3475
80158976,2157
80238655,3476
80995078,460
80003150,2657
70296578,2655
70296574,2656
70309257,2658
70309257,3477
80012520,3478
80061161,3479
70219642,562
81030755,3480
81030755,3481
80115676,1185
80115676,1186
80115676,130
80118916,3482
80146759,3483
81073387,3484
80213712,3485
80207606,3486
80192186,3487
80216834,3488
80174436,1959
80174436,3489
70241596,3490
80174097,2076
81076749,3491
81066961,3492
80174687,636
80015799,1151
80036657,3493
80036657,3494
81037733,3495
81010166,3496
80112518,3497
81033430,3498
81035851,1129
80202920,3499
81088285,1355
81088285,3500
81088285,3501
81080942,3502
80187301,3503
80215782,3204
80215782,3504
80172000,3326
80169778,3326
81035844,1757
81035842,3337
81035860,1180
81035850,3505
81035846,3506
81035846,1912
81035854,1913
80097516,3507
80164465,2948
80117484,310
80017099,3508
81043542,3509
81026329,3510
81026329,3511
81006826,1737
81013626,3512
80029368,1805
70222859,3513
70222859,3514
70261674,3515
70045274,3516
81034599,3517
81090128,3518
81090128,3519
70114022,2754
80180225,3520
80015794,3521
81088700,429
70043149,2238
81018181,392
70040077,1378
60031998,1806
60036103,3522
81086641,3523
70027133,786
81086640,3524
81009808,3525
80189853,3526
70059700,3527
70142918,2948
80992231,3528
80081790,3529
80015280,2936
80141253,2936
80141254,2936
80160081,3530
80168301,126
80064273,3531
80064273,3532
80098475,3533
80098475,3534
80058247,3219
80058247,3535
80058247,3536
70302184,366
81060043,3537
81024557,3538
70124562,3539
80156683,3540
80141185,3541
80126569,1190
80171982,3542
80035467,3543
80156856,3544
81041391,3545
81018120,3208
80152625,3546
80175421,3547
80108518,1352
80172002,3548
81019144,3549
81043540,3509
81043541,3509
80170483,3550
81019888,3551
80133153,3552
80149145,3070
80164207,3553
81044884,3554
81044884,3555
81044884,3556
81044884,3557
80106743,636
81087095,3558
81026007,1183
81021447,3559
80158875,2996
80142474,3560
80142474,3561
81086434,3562
81083791,3563
81088282,3564
70167072,3565
70058016,992
70077557,976
80233085,3566
80210602,3567
81088283,3568
80141156,3569
70077546,3570
70063591,3571
81052280,3572
70110558,2517
60020916,595
60029178,595
80103336,3573
81066723,3574
80207445,2847
80209751,3575
80063773,3576
80063773,3577
81088284,3578
70061480,3579
80987611,1393
70060380,3580
80202808,3581
60010082,3582
60033788,3583
60033788,830
60033786,3584
60033787,3584
60022255,830
60022254,3585
70020048,3585
284890,1250
80226076,3586
70115621,430
80103383,992
60011619,3587
80041337,3588
60033223,1267
80196139,3589
80148180,3590
607931,3591
80225907,3592
70298251,317
60002111,1267
80190215,3593
70000196,2786
80245519,3594
80245329,3595
70083535,2786
70039405,3596
60000722,642
70134539,1058
80245518,3597
80124313,2533
60036359,866
80049281,3598
70084328,3599
70099610,1769
80217041,3600
80156408,3601
80172938,3602
80131414,3603
80170612,3604
80144890,3605
80106786,3606
80115101,3607
80141261,3608
80158482,3609
80081955,3610
80164112,3611
70302835,3612
80125512,3613
70129457,3614
70205014,3615
80158479,3616
80104318,3617
80100054,3618
80097468,3619
80097468,3620
80171439,3621
80104237,3622
80093107,3623
80085438,2354
80085439,2354
80011846,3624
80064521,392
70197049,106
70197049,3625
70197049,3626
70197049,3627
70197049,3628
70197049,3629
70197049,3630
80020542,3631
70205012,3632
80108561,3633
70242310,913
80175619,3634
80144355,3635
80208115,3636
70143825,3637
80066080,3638
80065386,3639
80133311,3638
80027042,3640
80018046,3641
70242081,3642
70143864,2491
70245163,3643
80023644,3644
80179201,3645
80207879,3646
80007778,1444
80062047,3647
80103318,288
80201773,3648
80171362,899
70180293,3649
70204981,3650
80080436,192
70142436,3651
80176929,3652
80176929,3653
80063224,3654
80164216,2983
80115328,669
80115328,623
80176842,3652
80126599,3655
